{
  "additionalFiles": "..",
  "builtInLibrariesFolders": "C:\\Program Files (x86)\\Arduino\\libraries",
  "builtInToolsFolders": "C:\\Program Files (x86)\\Arduino\\tools-builder,C:\\Program Files (x86)\\Arduino\\hardware\\tools\\avr,C:\\Users\\ednie\\AppData\\Local\\Arduino15\\packages",
  "compiler.optimization_flags": "",
  "customBuildProperties": "build.warn_data_percentage=75,runtime.tools.xtensa-esp32-elf-gcc.path=C:\\Users\\ednie\\AppData\\Local\\Arduino15\\packages\\esp32\\tools\\xtensa-esp32-elf-gcc\\gcc8_4_0-esp-2021r2-patch3,runtime.tools.xtensa-esp32-elf-gcc-gcc8_4_0-esp-2021r2-patch3.path=C:\\Users\\ednie\\AppData\\Local\\Arduino15\\packages\\esp32\\tools\\xtensa-esp32-elf-gcc\\gcc8_4_0-esp-2021r2-patch3,runtime.tools.mklittlefs.path=C:\\Users\\ednie\\AppData\\Local\\Arduino15\\packages\\esp32\\tools\\mklittlefs\\3.0.0-gnu12-dc7f933,runtime.tools.mklittlefs-3.0.0-gnu12-dc7f933.path=C:\\Users\\ednie\\AppData\\Local\\Arduino15\\packages\\esp32\\tools\\mklittlefs\\3.0.0-gnu12-dc7f933,runtime.tools.riscv32-esp-elf-gcc.path=C:\\Users\\ednie\\AppData\\Local\\Arduino15\\packages\\esp32\\tools\\riscv32-esp-elf-gcc\\gcc8_4_0-esp-2021r2-patch3,runtime.tools.riscv32-esp-elf-gcc-gcc8_4_0-esp-2021r2-patch3.path=C:\\Users\\ednie\\AppData\\Local\\Arduino15\\packages\\esp32\\tools\\riscv32-esp-elf-gcc\\gcc8_4_0-esp-2021r2-patch3,runtime.tools.xtensa-esp32s3-elf-gcc.path=C:\\Users\\ednie\\AppData\\Local\\Arduino15\\packages\\esp32\\tools\\xtensa-esp32s3-elf-gcc\\gcc8_4_0-esp-2021r2-patch3,runtime.tools.xtensa-esp32s3-elf-gcc-gcc8_4_0-esp-2021r2-patch3.path=C:\\Users\\ednie\\AppData\\Local\\Arduino15\\packages\\esp32\\tools\\xtensa-esp32s3-elf-gcc\\gcc8_4_0-esp-2021r2-patch3,runtime.tools.esptool_py.path=C:\\Users\\ednie\\AppData\\Local\\Arduino15\\packages\\esp32\\tools\\esptool_py\\4.2.1,runtime.tools.esptool_py-4.2.1.path=C:\\Users\\ednie\\AppData\\Local\\Arduino15\\packages\\esp32\\tools\\esptool_py\\4.2.1,runtime.tools.xtensa-esp32s2-elf-gcc.path=C:\\Users\\ednie\\AppData\\Local\\Arduino15\\packages\\esp32\\tools\\xtensa-esp32s2-elf-gcc\\gcc8_4_0-esp-2021r2-patch3,runtime.tools.xtensa-esp32s2-elf-gcc-gcc8_4_0-esp-2021r2-patch3.path=C:\\Users\\ednie\\AppData\\Local\\Arduino15\\packages\\esp32\\tools\\xtensa-esp32s2-elf-gcc\\gcc8_4_0-esp-2021r2-patch3,runtime.tools.mkspiffs.path=C:\\Users\\ednie\\AppData\\Local\\Arduino15\\packages\\esp32\\tools\\mkspiffs\\0.2.3,runtime.tools.mkspiffs-0.2.3.path=C:\\Users\\ednie\\AppData\\Local\\Arduino15\\packages\\esp32\\tools\\mkspiffs\\0.2.3",
  "fqbn": "esp32:esp32:esp32c3:CDCOnBoot=default,PartitionScheme=huge_app,CPUFreq=160,FlashMode=qio,FlashFreq=80,FlashSize=4M,UploadSpeed=921600,DebugLevel=none,EraseFlash=none",
  "hardwareFolders": "C:\\Program Files (x86)\\Arduino\\hardware,C:\\Users\\ednie\\AppData\\Local\\Arduino15\\packages",
  "otherLibrariesFolders": "C:\\Users\\ednie\\Documents\\Files\\Arduino\\libraries",
  "runtime.ide.version": "10819",
  "sketchLocation": "C:\\Users\\ednie\\Documents\\Files\\Arduino\\Pocuter\\PocuterWordClockV052\\PocuterWordClockV052.ino"
}